crmmba.com,1,6,cr,m,mba
shoptipiko.com,1,10,shop,tipi,ko
hjpropach.com,1,9,hj,prop,ach
breedthathole.com,1,13,breed,that,hole
libbymille.com,-1,10,libby,mille
hastyangler.com,1,11,hasty,angler
coinbhakt.com,1,9,coin,bha,kt
gmailnetwork.com,1,12,gmail,network
lngraphx.com,1,8,ln,graph,x
dglpool.com,1,7,d,gl,pool
vintageskv.com,-1,10,vintages,kv
puritysystemsinc.com,-1,16,purity,systems,inc
benaturalhealing.com,1,16,be,natural,healing
sonomavisitorscenter.com,1,20,sonoma,visitors,center
heinekeninternational.com,-1,21,heineken,international
kaisermc.com,1,8,kaiser,mc
pictures-curacao.com,1,16,pictures,cura,cao
diablos.com,-1,7,diablo,s
rcequity.com,1,8,rc,equity
certorize.com,1,9,cer,to,rize
maketheloop.com,1,11,make,the,loop
4myk9.com,1,5,4,myk,9
southernillinoisrealty.com,1,22,southern,illinois,realty
gdpcomcorp.com,1,10,gdp,corp
christinabassani.com,1,16,christina,bass,ani
productregistrar.com,1,16,product,registrar
winecountryhaven.com,1,16,wine,country,haven
cliftonstrengthscoach.com,1,21,clifton,strengths,coach
ly9283.com,1,6,ly,9283
ratethisboat.com,1,12,rate,this,boat
bestamericanweed.com,1,16,best,american,weed
magicmendil.com,1,11,magic,men,dil
bdeip.com,-1,5,b,de,ip
wfmakeup.com,1,8,w,f,makeup
piperlakes.com,1,10,piper,lakes
deadgoose.com,-1,9,dead,goose
ebllcpro.com,1,8,eb,llc,pro
izamil.com,-1,6,iz,amil
shgia.com,1,5,sh,gia
pamela-mcintyre.com,1,15,pamela,mcintyre
ccdora.com,1,6,ccd,or,a
brattitudekids.com,1,14,br,attitude,kids
eventspacecolumbus.com,1,18,event,space,columbus
northeastpackages.com,-1,17,northeast,packages
coachfoley.com,1,10,coach,foley
improvedeyes.com,1,12,improved,eyes
5irpg.com,-1,5,5,i,rpg
huayi-law.com,1,9,hua,yi,law
andrescoll.com,1,10,andres,coll
thoughtfulgroup.com,1,15,thoughtful,group
sebastianpeterson.com,1,17,sebastian,peterson
ibargainhunters.com,1,15,i,bargain,hunters
ks-soundworks.com,1,13,ks,sound,works
jobwonder.com,1,9,job,wonder
fast2exit.com,1,9,fast,2,exit
independentinspirations.com,1,23,independent,inspirations
ventureonecapital.com,-1,17,venture,one,capital
sueanything.com,1,11,sue,anything
adventure-hikes.com,1,15,adventure,hikes
sociallymagazine.com,1,16,socially,magazine
ford100.com,-1,7,ford,100
cakesconference.com,1,15,cakes,conference
hownam.com,1,6,how,nam
couplesway.com,1,10,couples,way
jcclzp.com,1,6,j,ccl,zp
covertkids.com,1,10,covert,kids
select-door.com,1,11,select,door
futureforwardcoaches.com,1,20,future,forward,coaches
shanglv888.com,1,10,shang,lv,888
blacktopgreenbay.com,1,16,blacktop,green,bay
erikahaveman.com,1,12,erika,have,man
greatbritishbreaks.com,-1,18,great,british,breaks
powellhouses.com,-1,12,powell,houses
healthcarenps.com,1,13,healthcare,nps
go-ba.com,-1,5,go,ba
arecp.com,-1,5,are,cp
croatiahalalfriendly.com,1,20,croatia,halal,friendly
ensocompany.com,1,11,enso,company
callingallchampions.com,-1,19,calling,all,champions
textideum.com,1,9,text,i,deum
whatafeed.com,1,9,what,a,feed
evilanlar.com,1,9,evil,an,lar
sophiewix.com,1,9,sophie,wi,x
agridatacenter.com,1,14,agri,datacenter
ellawrap.com,1,8,ella,wrap
annevrbo.com,1,8,anne,vr,bo
nanisnice.com,1,9,nan,is,nice
leadzie.com,1,7,lead,zi,e
yahooteen.com,-1,9,yahoo,teen
clubpalladium.com,-1,13,club,palladium
universityboundconsulting.com,1,25,university,bound,consulting
activeros.com,1,9,active,ros
lvescortads.com,1,11,lv,escort,ads
mtc-online.com,-1,10,mtc,online
ebike-sales.com,1,11,e,bike,sales
longanreal.com,-1,10,long,an,real
baseballcouch.com,-1,13,baseball,couch
kristenkuester.com,1,14,kristen,ku,ester
doctormoreland.com,1,14,doctor,moreland
saratogapetcompany.com,1,18,saratoga,pet,company
ladybrave.com,1,9,lady,brave
netfindersearch.com,1,15,net,finder,search
sap2010calculator.com,-1,17,sap,2010,calculator
viajar-mexico.com,1,13,via,jar,mexico
nutrajungle.com,1,11,nut,ra,jungle
utahwithkids.com,1,12,utah,with,kids
tomanddee.com,-1,9,tom,and,dee
zhongshanlong.com,1,13,zhong,shan,long
shinhoster.com,1,10,shin,host,er
myhb6768.com,1,8,my,hb,6768
vitaminwoman.com,1,12,vitamin,woman
iqbspace.com,1,8,i,qb,space
shellywindover.com,1,14,shelly,wind,over
group-vd.com,1,8,group,vd
allo-pic.com,1,8,all,o,pic
parisfootwear.com,1,13,paris,footwear
tuturibbon.com,1,10,tutu,ribbon
obisposol.com,1,9,obispo,sol
southfloridaforum.com,1,17,south,florida,forum
percowear.com,1,9,per,co,wear
mg1987.com,1,6,mg,1987
ailfn.com,1,5,ail,fn
brandywilliamsphoto.com,1,19,brandy,williams,photo
delraybeachpages.com,1,16,delray,beach,pages
challenger-wheels.com,1,17,challenger,wheels
ultimateleadform.com,1,16,ultimate,lead,form
homesbyventura.com,1,14,homes,by,ventura
twoos.com,-1,5,two,os
3zkt.com,1,4,3,z,kt
icarestructure.com,1,14,i,care,structure
bestsourcedeals.com,-1,15,best,source,deals
ilalley.com,1,7,il,alley
empireacres.com,1,11,empire,acres
artalexandros.com,1,13,art,alexandros
folicacid-drinks.com,1,16,folic,acid,drinks
ga-ys.com,1,5,ga,ys
regalcinames.com,-1,12,regal,ci,names
lbonphotographer.com,1,16,lb,on,photographer
magnificento.com,1,12,magnificent,o
loudcryrecords.com,1,14,loud,cry,records
hagerstowndaynursery.com,1,20,hagerstown,day,nursery
933mnl.com,1,6,933,m,nl
homemarketasia.com,1,14,home,market,asia
latebloomersociety.com,1,18,late,bloomer,society
mitco-lb.com,-1,8,mit,co,lb
thebitpub.com,1,9,the,bit,pub
nordstay.com,1,8,nord,stay
originofpie.com,1,11,origin,of,pie
silkboxers.com,1,10,silk,boxers
dfsds.com,-1,5,df,sds
fox1investments.com,1,15,fox,1,investments
viceroydubaitowers.com,1,18,viceroy,dubai,towers
utsuwamochi.com,1,11,ut,suwa,mochi
justwomensfitness.com,1,17,just,womens,fitness
bitcoinplusbank.com,1,15,bitcoin,plus,bank
wanderfulnomad.com,1,14,wander,ful,nomad
bmw-me2017.com,1,10,bmw,me,2017
choco-denpo.com,1,11,choco,den,po
hotspottvnetwork.com,1,16,hotspot,tv,network
thaiukulele.com,1,11,thai,ukulele
handcraftedaromas.com,1,17,handcrafted,aromas
projectpetwork.com,1,14,project,pet,work
24bones.com,-1,7,24,bones
fanya50.com,1,7,fany,a,50
reportnoise.com,1,11,report,noise
kisole.com,1,6,ki,sole
bz1717.com,1,6,bz,1717
emtsol.com,1,6,emt,sol
bellavita-food.com,1,14,bella,vita,food
redwoodtoys.com,-1,11,redwood,toys
inikedisney.com,1,11,in,ike,disney
colomboxnews.com,1,12,colombo,x,news
chriswebspace.com,1,13,chris,web,space
workwithjim.com,1,11,work,with,jim
pdgcapital.com,1,10,pd,g,capital
amreeweaver.com,1,11,am,ree,weaver
feelthenoise.com,-1,12,feel,the,noise
401k2.com,1,5,401,k,2
springcrush.com,1,11,spring,crush
porchtown.com,1,9,porch,town
0592guolv.com,1,9,0592,guo,lv
hikingitalia.com,1,12,hiking,italia
am180.com,1,5,am,180
zipspokanevalley.com,1,16,zip,spokane,valley
lovinmindfulness.com,1,16,lovin,mindfulness
penskerental.com,-1,12,penske,rental
eecar.com,-1,5,ee,car
fluxstuff.com,-1,9,flux,stuff
arrowcreek.com,-1,10,arrow,creek
ued455.com,1,6,u,ed,455
wanderlustproject.com,-1,17,wanderlust,project
myhealthycompass.com,1,16,my,healthy,compass
emoryrugbyfc.com,1,12,emory,rugby,fc
thomasamorris.com,1,13,thomas,a,morris
cleanwateradvisers.com,1,18,clean,water,advisers
ultimatepills2.com,1,14,ultimate,pills,2
retailpayday.com,1,12,retail,payday
9860.com,-1,4,9860
gothrugary.com,1,10,go,thru,gary
stickyriceco.com,1,12,sticky,rice,co
whattopos.com,1,9,what,to,pos
experiencetruelife.com,1,18,experience,true,life
namkeenmachine.com,-1,14,nam,keen,machine
yrxhealth.com,1,9,yr,x,health
giantinflatablesaustralia.com,1,25,giant,inflatables,australia
tellustokyo.com,1,11,tellus,tokyo
tuneclash.com,-1,9,tune,clash
beltroader.com,1,10,belt,road,er
abbamonte.com,-1,9,abba,monte
foxyreaders.com,1,11,foxy,readers
experimentalrobots.com,1,18,experimental,robots
sheliuxiang.com,1,11,she,liu,xiang
phlipview.com,1,9,ph,lip,view
rxpatterns.com,1,10,r,x,patterns
mslawbr.com,1,7,ms,law,br
maverickoilfieldservices.com,-1,24,maverick,oilfield,services
yourtrustedconsultant.com,1,21,your,trusted,consultant
energydefend.com,1,12,energy,defend
theoldbuyer.com,1,11,the,old,buyer
bullbooks.com,-1,9,bull,books
solderlesscopper.com,1,16,solder,less,copper
taleton.com,1,7,tale,ton
shfeed.com,-1,6,sh,feed
2talltavern.com,1,11,2,tall,tavern
impactresearchllc.com,1,17,impact,research,llc
theanxiousbutterfly.com,1,19,the,anxious,butterfly
sterlinginvestmentpartners.com,1,26,sterling,investment,partners
petersenherniaclinic.com,1,20,petersen,hernia,clinic
reusablearts.com,1,12,reusable,arts
hollywoodstadium.com,-1,16,hollywood,stadium
olsondeck.com,1,9,olson,deck
northwindcondos.com,-1,15,north,wind,condos
lasertagriverside.com,1,17,laser,tag,riverside
thesnughotel.com,1,12,the,snug,hotel
sxhaj.com,1,5,sx,haj
crookedcirclefarm.com,1,17,crooked,circle,farm
anaheimreia.com,1,11,anaheim,rei,a
musicadores.com,1,11,music,adores
mypillowprincess.com,1,16,my,pillow,princess
suavetube.com,1,9,suave,tube
mo-rehouse.com,1,10,mo,re,house
shyanime.com,1,8,shy,anime
digamania.com,1,9,dig,a,mania
upyardmasters.com,1,13,up,yard,masters
realsine.com,1,8,real,sine
sewsmartstudios.com,1,15,sew,smart,studios
fishashish.com,1,10,f,is,hashish
aimcapecod.com,1,10,aim,cape,cod
campjump.com,1,8,camp,jump
a16918.com,1,6,a,16918
gasa01.com,1,6,gas,a,01
northernnvevents.com,1,16,northern,nv,events
firstcity.com,-1,9,first,city
yx1408.com,1,6,y,x,1408
ecoperfection.com,-1,13,eco,perfection
madeformarines.com,1,14,made,for,marines
thestylistmama.com,1,14,the,stylist,mama
sznmusic.com,1,8,s,zn,music
168emall.com,1,8,168,em,all
electronicfieldtrips.com,1,20,electronic,field,trips
milkcommunication.com,-1,17,milk,communication
miraclelabelle.com,1,14,miracle,labelle
mysgview.com,1,8,my,sg,view
theseafoodstory.com,1,15,the,seafood,story
coovip.com,-1,6,coo,vip
cassandramathews.com,1,16,cassandra,mathews
knotikl.com,1,7,knot,i,kl
notestraveling.com,1,14,notes,traveling
kycbddirect.com,1,11,ky,cbd,direct
medligift.com,1,9,med,li,gift
eddyentertainment.com,1,17,eddy,entertainment
coreluxurysuites.com,1,16,core,luxury,suites
mediumbonniepage.com,1,16,medium,bonnie,page
u2110.com,1,5,u,2110
fika-f.com,1,6,f,ika,f
georgiabrowndog.com,-1,15,georgia,brown,dog
tokenmit.com,1,8,token,mit
artfinestexchange.com,1,17,art,finest,exchange
isanthai.com,-1,8,is,an,thai
hyqhtz.com,1,6,hy,qh,tz
studiogabriella.com,1,15,studio,gabriella
warnactlawyers.com,-1,14,warn,act,lawyers
movementhygiene.com,1,15,movement,hygiene
hopehousetampa.com,1,14,hope,house,tampa
loughboroughdrivingschool.com,-1,25,loughborough,driving,school
worldours.com,1,9,world,ours
americankissing.com,1,15,american,kissing
viewhemisphere.com,1,14,view,hemisphere
cornholegolf.com,1,12,corn,hole,golf
westerncommercialbanking.com,1,24,western,commercial,banking
sofiaflorist.com,1,12,sofia,florist
iymyi.com,1,5,iy,my,i
ssfoot.com,-1,6,s,s,foot
mrcat2.com,1,6,mrc,at,2
uerpower.com,1,8,u,er,power
garymfreedman.com,-1,13,gary,m,freedman
saferproduct.com,1,12,safer,product
smilesquadkids.com,1,14,smile,squad,kids
thewyndhamhouse.com,1,15,the,wyndham,house
biofuelsalgae.com,1,13,biofuels,algae
fetcup.com,1,6,fet,cup
mrtexasusa.com,1,10,mr,texas,usa
blerdplay.com,1,9,ble,rd,play
bangladeshtourismonline.com,1,23,bangladesh,tourism,online
evoapartment.com,1,12,evo,apartment
poolspabuild.com,1,12,pool,spa,build
gosimcha.com,1,8,go,sim,cha
collectpixels.com,-1,13,collect,pixels
qlispe.com,1,6,ql,is,pe
fitforforties.com,1,13,fit,for,forties
callandar.com,1,9,call,andar
wholisticreinvention.com,1,20,w,holistic,reinvention
allartlessons.com,1,13,all,art,lessons
youroiljourney.com,1,14,your,oil,journey
simanguatemala.com,1,14,sim,an,guatemala
cavaliercadet.com,1,13,cavalier,cadet
getfreshshoes.com,1,13,get,fresh,shoes
cqmxf.com,-1,5,c,qm,xf
guokeblog.com,1,9,guo,ke,blog
smartfinancialproducts.com,1,22,smart,financial,products
flatironss.com,1,10,flatirons,s
haizhong168.com,1,11,hai,zhong,168
nodcms.com,1,6,nod,cms
rightmama.com,1,9,right,mama
cheftalya.com,1,9,chef,tal,ya
memoridiamond.com,1,13,me,mori,diamond
seknight.com,-1,8,se,knight
mavenade.com,-1,8,maven,a,de
coprox-europe.com,1,13,cop,rox,europe
plasticdumplings.com,1,16,plastic,dumplings
countrysideboardingkennel.com,-1,25,countryside,boarding,kennel
cipherscript.com,-1,12,cipher,script
v9city.com,1,6,v,9,city
bravelyonwardfilms.com,1,18,bravely,onward,films
malariavaccineproject.com,1,21,malaria,vaccine,project
chngothe.com,1,8,ch,ngo,the
dailymailfit.com,1,12,daily,mail,fit
mycom19-20.com,1,10,my,19,20
jenneedle.com,1,9,jen,needle
xxgxrc.com,1,6,xx,gx,rc
andlove-shop.com,1,12,and,love,shop
grannysmooth.com,1,12,granny,smooth
smillers.com,-1,8,s,millers
cangjunpipe.com,1,11,cang,jun,pipe
sgmmed.com,1,6,s,gm,med
theslowdrip.com,1,11,the,slow,drip
artinparis.com,-1,10,art,in,paris
34767.com,-1,5,34767
nelsonameer.com,1,11,nelson,ameer
carpentryspecialist.com,-1,19,carpentry,specialist
a5502.com,1,5,a,5502
craigslistdallastx.com,-1,18,craigslist,dallas,tx
ourgrandpad.com,1,11,our,grandpa,d
coolpoolsplus.com,1,13,cool,pools,plus
elevateehookah.com,1,14,elevate,e,hookah
anytimeclimb.com,1,12,anytime,climb
bermudaislandgames.com,1,18,bermuda,island,games
chosexo.com,1,7,chose,xo
artistintuitive.com,1,15,artist,intuitive
jasonsincorporated.com,1,18,jason,s,incorporated
jeff2017.com,1,8,jeff,2017
rocketoption.com,1,12,rocket,option
elburnchevrolet.com,1,15,el,burn,chevrolet
knightartworld.com,1,14,knight,art,world
smallbooties.com,-1,12,small,booties
bluehomeconcepts.com,1,16,blue,home,concepts
boyallgraphics.com,-1,14,boy,all,graphics
23abab.com,1,6,23,a,bab
by9143.com,1,6,by,9143
djkingst.com,1,8,dj,king,st
amandalaurenco.com,1,14,amanda,lauren,co
spotyourdot.com,1,11,spot,your,dot
roguecleaningsolutions.com,1,22,rogue,cleaning,solutions
cambare.com,-1,7,camb,are
paperandsweat.com,1,13,paper,and,sweat
prontohomevalue.com,1,15,pronto,home,value
jumboboksen.com,1,11,jumbo,bok,sen
gorun365.com,1,8,go,run,365
g639.com,-1,4,g,639
cybersquidz.com,1,11,cyber,squid,z
tracydye.com,1,8,tracy,dye
zaploapply.com,1,10,za,plo,apply
texaslifegroup.com,1,14,texas,life,group
xlstyz.com,1,6,xl,st,yz
found1ne.com,1,8,found,1,ne
ogfinder.com,1,8,og,finder
fremlt.com,1,6,fr,em,lt
minimumviablewebsite.com,-1,20,minimum,viable,website
danghana.com,1,8,dan,ghana
sk-showgroom.com,1,12,sk,show,groom
indianaelectriccompanies.com,-1,24,indiana,electric,companies
flamingohousing.com,1,15,flamingo,housing
164xx.com,1,5,164,xx
united-dresscode.com,1,16,united,dress,code
m7racing.com,1,8,m,7,racing
ryanentertainment.com,-1,17,ryan,entertainment
thesensetimes.com,1,13,the,sense,times
spralgarve.com,1,10,spr,algarve
everygov.com,1,8,every,gov
thehillsbraces.com,1,14,the,hills,braces
ft9w.com,1,4,ft,9,w
electdavidmarshall.com,1,18,elect,david,marshall
arabicturkey.com,1,12,arabic,turkey
redherringmysteries.com,1,19,red,herring,mysteries
davidduranoficial.com,1,17,david,duran,oficial
aurumproperty.com,-1,13,aurum,property
flipgeniusacademy.com,1,17,flip,genius,academy
netvest.com,1,7,net,vest
imperialeq.com,1,10,imperial,eq
linked-plan.com,1,11,linked,plan
fightexperiences.com,1,16,fight,experiences
damyanti.com,-1,8,da,my,anti
wtfisux.com,1,7,wtf,is,ux
cosmicjumpstudio.com,1,16,cosmic,jump,studio
calival.com,-1,7,cali,val
burningtrumpet.com,-1,14,burning,trumpet
perfectsalesfunnel.com,1,18,perfect,sales,funnel
txscavenger.com,1,11,tx,scavenger
bolafashionworld.com,1,16,bola,fashion,world
tailormed-ltd.com,1,13,tailor,med,ltd
freebetapp.com,1,10,free,beta,pp
hndsp.com,1,5,hn,dsp
bluemoonc.com,1,9,blue,moon,c
jiequanjs.com,1,9,jie,quan,js
qualitybyredesign.com,1,17,quality,by,redesign
blackhawks411.com,1,13,blackhawks,411
business-solutions-today.com,1,24,business,solutions,today
therefinedrug.com,1,13,the,refine,drug
atcroofingunlimited.com,1,19,atc,roofing,unlimited
ptcontactcenter.com,1,15,pt,contact,center
westerndodgechrysler.com,1,20,western,dodge,chrysler
angebeauty.com,1,10,ange,beauty
tryabrace.com,1,9,try,a,brace
karamalwadi.com,1,11,karam,al,wadi
starbit1.com,1,8,star,bit,1
mybizproject.com,1,12,my,biz,project
ourspeakback.com,1,12,our,speak,back
ilotusnet.com,1,9,i,lotus,net
dif-bank.com,-1,8,d,if,bank
rude360wave.com,1,11,rude,360,wave
xn-team.com,1,7,xn,team
sunrely.com,1,7,sun,rely
vortexxparts.com,1,12,vortex,x,parts
ca905555.com,1,8,ca,905555
trendysalonaprons.com,1,17,trendy,salon,aprons
scenemi.com,1,7,scene,mi
fingerstheclown.com,1,15,fingers,the,clown
diaper-turkey.com,1,13,diaper,turkey
simplifynv.com,1,10,simplify,nv
alquvia.com,1,7,al,qu,via
lifeblogtoday.com,1,13,life,blog,today
stonefeatherofficial.com,1,20,stone,feather,official
newaleabet.com,1,10,new,alea,bet
ravenswoodsolutions.com,1,19,ravenswood,solutions
blakeart.com,-1,8,blake,art
moneylaunderingnews.com,1,19,money,laundering,news
vitamedicalcenter.com,-1,17,vita,medical,center
jcowood.com,-1,7,j,co,wood
teyouvip.com,1,8,te,you,vip
blueoakcanyon.com,-1,13,blue,oak,canyon
288zp.com,-1,5,288,zp
cardiorex.com,1,9,car,dior,ex
brisawevents.com,1,12,bri,saw,events
addhomewarranty.com,1,15,add,home,warranty
kayasfstudio.com,1,12,kaya,sf,studio
lowgmusic.com,1,9,low,g,music
grossepointegal.com,1,15,grosse,pointe,gal
nolaguy.com,-1,7,nola,guy
fatimasings.com,-1,11,fatima,sings
staywildvibes.com,1,13,stay,wild,vibes
kateflannerylive.com,1,16,kate,flannery,live
stepaheadchelsea.com,1,16,step,ahead,chelsea
dogwoodlawn.com,-1,11,dog,woodlawn
apartmentmilijana.com,1,17,apartment,mili,jana
cardsthemax.com,1,11,cards,the,max
sushibangbang.com,1,13,sushi,bang,bang
win-007.com,1,7,win,007
vizrender.com,1,9,viz,render
batallaenterprisesinc.com,1,21,batalla,enterprises,inc
entirehouseauctions.com,1,19,entire,house,auctions
controlledplanets.com,1,17,controlled,planets
hacernido.com,1,9,ha,cern,ido
knitboxes.com,1,9,knit,boxes
51vitafit.com,1,9,51,vita,fit
q8flats.com,-1,7,q,8,flats
agilechance.com,-1,11,agile,chance
informgen.com,-1,9,in,form,gen
teamoharahomes.com,1,14,team,ohara,homes
yanxingshen.com,1,11,yan,xing,shen
dpliga.com,1,6,dp,liga
doseofvictoria.com,1,14,dose,of,victoria
gd10086.com,1,7,gd,10086
sinoupc.com,1,7,sino,upc
armcommu.com,1,8,arm,mu
usprorodeo.com,-1,10,us,pro,rodeo
josedanielmarin.com,1,15,jose,daniel,marin
platin-support.com,-1,14,plat,in,support
baltiauto.com,1,9,balti,auto
eromagroup.com,1,10,e,roma,group
madera18.com,1,8,made,ra,18
seven-sticker.com,1,13,seven,sticker
paytonjameswalker.com,1,17,payton,james,walker
guayaquiltoken.com,1,14,guayaquil,token
roguesushi.com,1,10,rogue,sushi
mytruetest.com,1,10,my,true,test
zjtnj.com,1,5,z,jt,nj
lipiddrops.com,1,10,lipid,drops
calisip.com,1,7,cali,sip
syuuk.com,1,5,s,yu,uk
amazonchains.com,1,12,amazon,chains
pamelliott.com,-1,10,pam,elliott
davidsonicehouse.com,1,16,davidson,ice,house
4hu57.com,1,5,4,hu,57
meetterrell.com,1,11,meet,terrell
168kaicai.com,1,9,168,kai,cai
t-levelbusiness.com,1,15,t,level,business
surimusicawards.com,1,15,suri,music,awards
cognitivefurniture.com,1,18,cognitive,furniture
justswipekaro.com,1,13,just,swipe,karo
cardsforcustomers.com,1,17,cards,for,customers
theshabbywick.com,1,13,the,shabby,wick
moarl.com,1,5,moa,rl
drymilano.com,1,9,dry,milano
questclinicalresearch.com,1,21,quest,clinical,research
co-prologistics.com,1,15,co,pro,logistics
jaysmetalcreations.com,1,18,jays,metal,creations
whatsuff.com,1,8,what,su,ff
summerjazzfest.com,1,14,summer,jazz,fest
stuartsfamily.com,1,13,stuarts,family
refugiopub.com,1,10,refugio,pub
replaceinfopath.com,1,15,replace,info,path
nvboysstate.com,1,11,nv,boys,state
thestylerambler.com,1,15,the,style,rambler
fortuna21.com,1,9,fortuna,21
beatquest.com,-1,9,beat,quest
rehabreviewed.com,1,13,rehab,reviewed
gublogs.com,1,7,gu,blogs
zwingz.com,1,6,z,wing,z
gzbenshang.com,1,10,gz,ben,shang
jameshiltonbooks.com,1,16,james,hilton,books
kxjewels.com,1,8,k,x,jewels
huanjiang369.com,1,12,huan,jiang,369
