volcanoasianbistro.com,1,18,volcano,asian,bistro
gwcclayton.com,1,10,gw,c,clayton
thepancakezone.com,1,14,the,pancake,zone
pragamit.com,1,8,prag,amit
ourmovieweb.com,1,11,our,movie,web
ankestone.com,1,9,an,ke,stone
summervillefurnishings.com,1,22,summer,ville,furnishings
interstatecartransportation.com,1,27,interstate,car,transportation
slutsexposed.com,1,12,sluts,exposed
mbpropertylaw.com,1,13,mb,property,law
midrangemusic.com,1,13,mid,range,music
shadowcxo.com,1,9,shadow,c,xo
electrart.com,1,9,electra,rt
aapbusinessventures.com,1,19,aap,business,ventures
realitybeyondbelief.com,1,19,reality,beyond,belief
multicbd.com,1,8,multi,cbd
plumbingtraders.com,1,15,plumbing,traders
myofr.com,1,5,my,of,r
612lancaster.com,1,12,612,lancaster
papelove.com,1,8,pape,love
vivisin.com,1,7,viv,is,in
mlxj17.com,1,6,ml,xj,17
38for99.com,1,7,38,for,99
libertystgallery.com,1,16,liberty,st,gallery
109pp.com,1,5,109,pp
kididols.com,1,8,kid,idols
cellofamily.com,1,11,cello,family
jessica-and-david.com,1,17,jessica,and,david
kyanidirect.com,1,11,ky,ani,direct
leaguesport.com,1,11,league,sport
ruthlessgadget.com,1,14,ruthless,gadget
extrong.com,1,7,ext,rong
isleofoil.com,1,9,isle,of,oil
rapportfirst.com,1,12,rapport,first
fondantcakes.com,1,12,fondant,cakes
noakhalisangbad.com,1,15,noakhali,sang,bad
directlendinggroup.com,1,18,direct,lending,group
waxtruth.com,1,8,wax,truth
highergroundboarding.com,1,20,higher,ground,boarding
dcainnovate.com,1,11,dc,a,innovate
spot-place.com,1,10,spot,place
investots.com,1,9,invest,ots
bookingvanuatu.com,1,14,booking,vanuatu
volcanproducts.com,1,14,vol,can,products
meetmo.com,1,6,meet,mo
jobsitesbd.com,1,10,job,sites,bd
yourfindom.com,1,10,your,find,om
gagaeden-moves.com,1,14,gaga,eden,moves
megaportakal.com,1,12,mega,porta,kal
distinctivewindowsnc.com,1,20,distinctive,windows,nc
iamkaicole.com,1,10,iam,kai,cole
sltechfl.com,1,8,sl,tech,fl
almcp.com,1,5,alm,cp
receipthouse.com,1,12,receipt,house
site200.com,1,7,site,200
craigsopo.com,1,9,craig,sopo
digitaltitletoken.com,1,17,digital,title,token
hubforcareer.com,1,12,hub,for,career
flatfour356.com,1,11,flat,four,356
prowaterpools.com,1,13,pro,water,pools
j1home.com,1,6,j,1,home
palmerswim.com,1,10,palmer,swim
reallygoodfunnels.com,1,17,really,good,funnels
plasticspact.com,1,12,plastics,pact
blueapplefilm.com,1,13,blue,apple,film
signedbuyers.com,1,12,signed,buyers
omantopak.com,1,9,oman,to,pak
horizonaerialimaging.com,1,20,horizon,aerial,imaging
cnzwsh.com,1,6,cn,zw,sh
thrusports.com,1,10,thru,sports
mentalsmog.com,1,10,mental,smog
hovrswing.com,1,9,ho,vrs,wing
clairebrowning.com,1,14,claire,browning
taxirecord.com,1,10,taxi,record
liposuctionfood.com,1,15,liposuction,food
howardwu.com,1,8,howard,wu
massachusettsprobate.com,1,20,massachusetts,probate
scionbc.com,1,7,scion,bc
cs60japan.com,1,9,cs,60,japan
md-metals.com,1,9,md,metals
kissesforpeace.com,1,14,kisses,for,peace
chabadcms.com,1,9,chabad,cms
aurora-skincare.com,1,15,aurora,skin,care
christinechong.com,1,14,christine,chong
heritagelight.com,1,13,heritage,light
msjonesy.com,1,8,ms,jones,y
retrodynamo.com,1,11,retro,dynamo
medikidschool.com,1,13,medi,kid,school
gamegrown.com,1,9,game,grown
singaporecitizenship.com,1,20,singapore,citizenship
best-cleansing-ranking.com,1,22,best,cleansing,ranking
changpengtao.com,1,12,chang,peng,tao
quantumstems.com,1,12,quantum,stems
thermaldesignsolutions.com,1,22,thermal,design,solutions
xmckf.com,1,5,xm,ck,f
yorkboatstorage.com,1,15,york,boat,storage
joltstl.com,1,7,jolts,tl
homesteadcollective.com,1,19,homestead,collective
nddvip.com,1,6,nd,d,vip
libraryofpaints.com,1,15,library,of,paints
eggcreamer.com,1,10,egg,creamer
colorcomindia.com,1,13,color,india
oswegoparks.com,1,11,oswego,parks
hollandbrook.com,1,12,holland,brook
costascudeler.com,1,13,costas,cude,ler
fitcdenver.com,1,10,fit,c,denver
ren2all.com,1,7,ren,2,all
3emoji.com,1,6,3,e,moji
thetrainerscollective.com,1,21,the,trainers,collective
applicationautomation.com,1,21,application,automation
kidyumyum.com,1,9,kid,yum,yum
techsafarirecords.com,1,17,tech,safari,records
nidcp.com,1,5,nid,cp
bmwcell.com,1,7,bmw,cell
bidderly.com,1,8,bidder,ly
plankonusa.com,1,10,plank,on,usa
vip0270.com,1,7,vip,0270
healthedgemedical.com,1,17,health,edge,medical
vns99226.com,1,8,v,ns,99226
racquetron.com,1,10,racquet,ron
tut8.com,1,4,tut,8
dopestsocks.com,1,11,do,pest,socks
kifmoi.com,1,6,k,if,moi
oroox.com,1,5,oro,ox
cheaphuntingwebsites.com,1,20,cheap,hunting,websites
wokmfederation.com,1,14,wok,m,federation
dentalclaimscomplete.com,1,20,dental,claims,complete
bankofmanuals.com,1,13,bank,of,manuals
wonderfulend.com,1,12,wonderful,end
jujuic.com,1,6,ju,j,uic
hvacr-411.com,1,9,hv,acr,411
turquoiseb.com,1,10,turquoise,b
forever-rainbows.com,1,16,forever,rainbows
taosell.com,1,7,tao,sell
toronto-paint.com,1,13,toronto,paint
laurasuperstore.com,1,15,laura,superstore
sxboard.com,1,7,sx,board
garage-asvi.com,1,11,garage,as,vi
pampasco.com,1,8,pampas,co
ebooklibris.com,1,11,ebook,libris
masterbetrayal.com,1,14,master,betrayal
seymourwonder.com,1,13,seymour,wonder
happyperk.com,1,9,happy,perk
nolossesent.com,1,11,no,losses,ent
pc2853.com,1,6,pc,2853
evvotech.com,1,8,ev,vote,ch
ciclovintage.com,1,12,ci,clo,vintage
excess-re.com,1,9,excess,re
core-monolith.com,1,13,core,monolith
letdl.com,1,5,let,dl
tracksofeurope.com,1,14,tracks,of,europe
gambaru-gym.com,1,11,gamba,ru,gym
xyfamorly.com,1,9,xy,fam,orly
robgalpr.com,1,8,rob,gal,pr
nascapi.com,1,7,n,ascap,i
gaoshantent.com,1,11,gao,shan,tent
ecsprestige.com,1,11,ec,s,prestige
patriotpowerpros.com,1,16,patriot,power,pros
fumigation-service.com,1,18,fumigation,service
heavenssunset.com,1,13,heavens,sunset
101georgestreet.com,1,15,101,george,street
stuartbrothersltd.com,1,17,stuart,brothers,ltd
jakeefer.com,1,8,jake,e,fer
365technicalsupport.com,1,19,365,technical,support
mrecruits.com,1,9,m,recruits
pressuregenius.com,1,14,pressure,genius
fabworksonline.com,1,14,fab,works,online
wirespaytag.com,1,11,wires,pay,tag
streamuniverse.com,1,14,stream,universe
consultspan.com,1,11,consult,span
w8no.com,1,4,w,8,no
masterofmugs.com,1,12,master,of,mugs
janet-peter.com,1,11,janet,peter
yzcstone.com,1,8,yz,c,stone
freighttexas.com,1,12,freight,texas
8203h.com,1,5,8203,h
yoursuccesslaunch.com,1,17,your,success,launch
wellom.com,1,6,well,om
katarinasworld.com,1,14,katarina,s,world
monique-vintage.com,1,15,monique,vintage
largetapestry.com,1,13,large,tapestry
ntlion.com,1,6,nt,lion
lessstressmassage.com,1,17,less,stress,massage
triplebody.com,1,10,triple,body
galissea.com,1,8,gal,is,sea
maisonchicken.com,1,13,maison,chicken
loisdean.com,1,8,lois,dean
glazedpeakglass.com,1,15,glazed,peak,glass
kadinvia.com,1,8,kad,in,via
bastard-garage.com,1,14,bastard,garage
burlingtonroofinginc.com,1,20,burlington,roofing,inc
reggaequotes.com,1,12,reggae,quotes
wesmarcindustries.com,1,17,wes,marc,industries
blackirishtour.com,1,14,black,irish,tour
br-bj.com,1,5,br,bj
excellentinfraspace.com,1,19,excellent,infra,space
tyc6678.com,1,7,ty,c,6678
sanantonioboss.com,1,14,san,antonio,boss
industrialstaircase.com,1,19,industrial,staircase
forneybridge.com,1,12,for,ney,bridge
rxsinteriors.com,1,12,r,xs,interiors
artisanplaster.com,1,14,artisan,plaster
cbdprenatal.com,1,11,cbd,prenatal
roxycinemasdubai.com,1,16,roxy,cinemas,dubai
mamysecret.com,1,10,m,amy,secret
124440.com,1,6,124440
040100.com,1,6,040100
gboots.com,1,6,g,boots
iothindustan.com,1,12,i,ot,hindustan
lineth8.com,1,7,line,th,8
hainzlpeter.com,1,11,hain,zl,peter
nigeriapmnews.com,1,13,nigeria,pm,news
gfc941.com,1,6,g,fc,941
ceroskincare.com,1,12,cero,skin,care
wwwx33399.com,1,9,www,x,33399
plantwearhome.com,1,13,plant,wear,home
littlebirdsschoolhouse.com,1,22,little,birds,schoolhouse
captainjenny.com,1,12,captain,jenny
raisingyourvalue.com,1,16,raising,your,value
kymobilehome.com,1,12,ky,mobile,home
bethep.com,1,6,be,the,p
sellurinfo.com,1,10,sell,ur,info
myhomeimports.com,1,13,my,home,imports
ricknows.com,1,8,ric,knows
sketchwireless.com,1,14,sketch,wireless
dualfuelsource.com,1,14,dual,fuel,source
upcycledprojects.com,1,16,up,cycled,projects
blueponystudio.com,1,14,blue,pony,studio
internationalcommercepartners.com,1,29,international,commerce,partners
olive-oil-emporium.com,1,18,olive,oil,emporium
signintechnologies.com,1,18,sign,in,technologies
erikjchilds.com,1,11,erik,j,childs
searchjeep.com,1,10,search,jeep
filmaval.com,1,8,film,a,val
daytonafreight.com,1,14,daytona,freight
jyhb8888.com,1,8,jy,hb,8888
stream-of-comics.com,1,16,stream,of,comics
fijifinds.com,1,9,fiji,finds
cryptospeculate.com,1,15,crypto,speculate
englewoodunitedmethodist.com,1,24,englewood,united,methodist
credithistorysucks.com,1,18,credit,history,sucks
nevymarketer.com,1,12,ne,vy,marketer
smokinknightsbbq.com,1,16,smokin,knights,bbq
martin-higgins.com,1,14,martin,higgins
henrysiemens.com,1,12,henry,siemens
footmoods.com,1,9,foot,moods
hollywoodbot.com,1,12,hollywood,bot
bankrateinterest.com,1,16,bank,rate,interest
salarist.com,1,8,salar,is,t
shcengtuo.com,1,9,shc,eng,tuo
willowglencreamery.com,1,18,willow,glen,creamery
onlinencr.com,1,9,online,ncr
gloverdanielsinternational.com,1,26,glover,daniels,international
thaivazhi.com,1,9,thai,vaz,hi
oddjobsflorida.com,1,14,odd,jobs,florida
superwitl.com,1,9,super,wit,l
hachioji-gourmet.com,1,16,hachioji,gourmet
guardianofsoul.com,1,14,guardian,of,soul
dessentie.com,1,9,d,essen,tie
cruzycakes.com,1,10,cruz,y,cakes
yanbosolutions.com,1,14,yan,bo,solutions
stfurui.com,1,7,stfu,rui
platinumeratravels.com,1,18,platinum,era,travels
iheartlegging.com,1,13,i,heart,legging
grupolpr.com,1,8,grupo,l,pr
memberhome.com,1,10,member,home
leankr8.com,1,7,lean,kr,8
hotcryptostocks.com,1,15,hot,crypto,stocks
rebelsnosavage.com,1,14,rebels,no,savage
dogaim.com,1,6,do,gaim
survivorarmy.com,1,12,survivor,army
quantriome.com,1,10,quant,rio,me
fotocollar.com,1,10,foto,collar
schmidtbarnet.com,1,13,schmidt,barnet
sweatertees.com,1,11,sweater,tees
montrealsiding.com,1,14,montreal,siding
accessrhythm.com,1,12,access,rhythm
donjonesonline.com,1,14,don,jones,online
motorcycleforensic.com,1,18,motorcycle,forensic
bunshu.com,1,6,bun,shu
health-rights.com,1,13,health,rights
embedded-programmer.com,1,19,embedded,programmer
mellonsbay.com,1,10,mellon,s,bay
boxdesignfurniture.com,1,18,box,design,furniture
iapp-home.com,1,9,i,app,home
wowkapow.com,1,8,wow,kapo,w
filipinofail.com,1,12,filipino,fail
augrosfamily.com,1,12,aug,ros,family
adomanienergy.com,1,13,ad,omani,energy
chat-kawaguchi.com,1,14,chat,kawaguchi
ernestobarros.com,1,13,ernesto,barros
yourlocalministry.com,1,17,your,local,ministry
humanbekind.com,1,11,human,be,kind
monroesoccerclub.com,1,16,monroe,soccerclub
dotpackage.com,1,10,dot,package
preciousbullions.com,1,16,precious,bullion,s
ahhrk.com,1,5,ahh,rk
flappingmagpie.com,1,14,flapping,magpie
kate-sampson.com,1,12,kate,sampson
bimaone.com,1,7,bim,a,one
hoop4you.com,1,8,hoop,4,you
dealsforums.com,1,11,deals,forums
atcult.com,1,6,at,cult
chinagrandmedia.com,1,15,china,grand,media
artplace-marrakech.com,1,18,art,place,marrakech
safaricube.com,1,10,safari,cube
doloresspeechproducts.com,1,21,dolores,speech,products
futurejobsacademy.com,1,17,future,jobs,academy
samplefairy.com,1,11,sample,fairy
360chang.com,1,8,360,chang
angelomontanari.com,1,15,angelo,montana,ri
mataxholdings.com,1,13,mata,x,holdings
ncpropertyhelp.com,1,14,nc,property,help
foam-shield.com,1,11,foam,shield
rerik24.com,1,7,r,erik,24
flsaccount.com,1,10,fls,account
cuong-nhu.com,1,9,cuon,g,nhu
reunificationtherapy.com,1,20,reunification,therapy
zourg.com,1,5,z,our,g
retaildemosolutions.com,1,19,retail,demo,solutions
moominfestivals.com,1,15,moomin,festivals
owenstaley.com,1,10,owen,staley
6958v.com,1,5,6958,v
naatees.com,1,7,na,a,tees
cr4422.com,1,6,cr,4422
summit6legal.com,1,12,summit,6,legal
rorshack.com,1,8,r,or,shack
acusphotography.com,1,15,a,cus,photography
chinese-christian.com,1,17,chinese,christian
flaprojects.com,1,11,fla,projects
fitheartdoc.com,1,11,fit,heart,doc
newarkinformationcenter.com,1,23,newark,information,center
seenbermuda.com,1,11,seen,bermuda
6-space.com,1,7,6,space
hy-cargo.com,1,8,hy,cargo
843tengbo.com,1,9,843,teng,bo
jeanlebon.com,1,9,jean,leb,on
standardcontractingllc.com,1,22,standard,contracting,llc
lecng.com,1,5,le,cng
juding05.com,1,8,judi,ng,05
gthero.com,1,6,gt,hero
christiancampusministry.com,1,23,christian,campus,ministry
prettygirlmints.com,1,15,pretty,girl,mints
mbullockblog.com,1,12,m,bullock,blog
b-vibration.com,1,11,b,vibration
eurekagrinders.com,1,14,eureka,grinders
concinova.com,1,9,co,nci,nova
fitmyneeds.com,1,10,fit,my,needs
reporteraser.com,1,12,report,eraser
donald-scouten.com,1,14,donald,scout,en
itamar-rugs.com,1,11,it,amar,rugs
clearfiredigital.com,1,16,clear,fire,digital
juandigest.com,1,10,juan,digest
nymphas.com,1,7,nymph,as
hellofutureceo.com,1,14,hello,future,ceo
themattressspot.com,1,15,the,mattress,spot
kookig.com,1,6,kook,ig
hawaiicurrent.com,1,13,hawaii,current
thereasonfiles.com,1,14,the,reason,files
greatestsportsmoments.com,1,21,greatest,sports,moments
dsvip168.com,1,8,ds,vip,168
lolomanhattan.com,1,13,lolo,manhattan
entlebase.com,1,9,en,tle,base
alfatechdistribution.com,1,20,alfa,tech,distribution
anthonymatsas.com,1,13,anthony,mats,as
classicalcommons.com,1,16,classical,commons
saraschwartzgluck.com,1,17,sara,schwartz,gluck
refinedviralsolutions.com,1,21,refined,viral,solutions
benengledesign.com,1,14,ben,engle,design
carapark.com,1,8,cara,park
geocolombia.com,1,11,geo,colombia
mentalhealthdublin.com,1,18,mental,health,dublin
rauthenticmedia.com,1,15,r,authentic,media
3gdown.com,1,6,3,g,down
impreparednetwork.com,1,17,im,prepared,network
ntbengineering.com,1,14,nt,b,engineering
pgcgull.com,1,7,pg,c,gull
nbs-bs.com,1,6,nbs,bs
table33dayton.com,1,13,table,33,dayton
0336q.com,1,5,0336,q
luluvintagenow.com,1,14,lulu,vintage,now
voucherfly.com,1,10,voucher,fly
gjonessolicitors.com,1,16,g,jones,solicitors
depotbaby.com,1,9,depot,baby
dssim.com,1,5,ds,sim
theparkelevator.com,1,15,the,park,elevator
nipmuccomedy.com,1,12,nip,muc,comedy
stellaandspice.com,1,14,stella,and,spice
jaket-batik.com,1,11,jake,t,batik
shaniw.com,1,6,shani,w
touchpath.com,1,9,touch,path
my-aventine.com,1,11,my,aventine
richcommercialdeals.com,1,19,rich,commercial,deals
remotemediaaccess.com,1,17,remote,media,access
imseopr.com,1,7,i,mse,opr
vwgl.com,1,4,vw,gl
securesocialmedia.com,1,17,secure,social,media
jdebox.com,1,6,j,de,box
maniaclatindisciples.com,1,20,maniac,latin,disciples
ywqxj.com,1,5,y,wq,xj
thehousefinders.com,1,15,the,house,finders
smallfamilyreunion.com,1,18,small,family,reunion
nebraskawillcontest.com,1,19,nebraska,will,contest
vibratorforwomen.com,1,16,vibrator,for,women
ktanavalsystem.com,1,14,kta,naval,system
jrconcretefinishing.com,1,19,jr,concrete,finishing
evernoise.com,1,9,ever,noise
douchedriver.com,1,12,douched,river
pickypetsupplies.com,1,16,picky,pet,supplies
elegantattire.com,1,13,elegant,attire
cantonfairbooth.com,1,15,canton,fair,booth
ecopetglobal.com,1,12,eco,pet,global
b1598.com,1,5,b,1598
diamondtheatre.com,1,14,diamond,theatre
iamrealstory.com,1,12,iam,real,story
speedcardloan.com,1,13,speed,card,loan
akedai.com,1,6,a,ke,dai
clementventures.com,1,15,clement,ventures
snortworks.com,1,10,snort,works
lenief.com,1,6,leni,ef
eyecatchingshades.com,1,17,eye,catching,shades
horseshoetrailscamping.com,1,22,horseshoe,trails,camping
rosenandrose.com,1,12,rosen,and,rose
myfunkydiamond.com,1,14,my,funky,diamond
shahr-online.com,1,12,shahr,online
lindsaydmeyer.com,1,13,lindsay,d,meyer
supreme-drones.com,1,14,supreme,drones
sengulerez.com,1,10,seng,ule,rez
ischit.com,1,6,is,chit
yellowtablephotography.com,1,22,yellow,table,photography
w0man.com,1,5,w,0,man
abab34.com,1,6,a,bab,34
yb5678.com,1,6,yb,5678
we-are-dance.com,1,12,we,are,dance
rnbv.com,1,4,rn,b,v
gfa-fiduciary-agent.com,1,19,gfa,fiduciary,agent
hackwa.com,1,6,hack,wa
weslayhair.com,1,10,we,slay,hair
abstractguy.com,1,11,abstract,guy
uscar-saar.com,1,10,us,car,saar
thevirtualenvelope.com,1,18,the,virtual,envelope
webatrix.com,1,8,web,a,trix
smokehousesignature.com,1,19,smokehouse,signature
redskycharlotte.com,1,15,red,sky,charlotte
geopiano.com,1,8,geo,piano
bitholo.com,1,7,bit,hol,o
27502.com,1,5,27502
skinenergize.com,1,12,skin,energize
mybestball.com,1,10,my,best,ball
blackfigs.com,1,9,black,figs
unavailableobjects.com,1,18,unavailable,objects
lovepapercraft.com,1,14,love,paper,craft
mgmhlbe.com,1,7,mgm,hl,be
kochrealtypr.com,1,12,koch,realty,pr
buybose.com,1,7,buy,bose
womensdevelopmentacademy.com,1,24,womens,development,academy
umiohealth.com,1,10,u,mio,health
8motivate.com,1,9,8,motivate
podcastwrapup.com,1,13,podcast,wrap,up
hangbrite.com,1,9,hang,brite
advanced-imaging-concepts.com,1,25,advanced,imaging,concepts
energotechnic.com,1,13,en,ergo,technic
iamjessicabook.com,1,14,iam,jessica,book
nijiforum.com,1,9,n,iji,forum
02lol.com,1,5,02,lol
bluechunks.com,1,10,blue,chunks
geinventions.com,1,12,ge,inventions
wookapedia.com,1,10,wook,a,pedia
bihayal.com,1,7,bi,hayal
sunfurl-mallorca.com,1,16,s,unfurl,mallorca
absolutewristbands.com,1,18,absolute,wristbands
senseofsystems.com,1,14,sense,of,systems
instavlogger.com,1,12,insta,v,logger
diamondjewelrybazaar.com,1,20,diamond,jewelry,bazaar
scikxu.com,1,6,s,cik,xu
reginaluxury.com,1,12,regina,luxury
markstiling.com,1,11,marks,tiling
lighthousesetx.com,1,14,lighthouse,set,x
jollyjuicebar.com,1,13,jolly,juice,bar
antsle.com,1,6,ants,le
cybersoulng.com,1,11,cyber,soul,ng
screenlib.com,1,9,screen,lib
sandmanpowerwash.com,1,16,sandman,power,wash
bigironbarbeque.com,1,15,big,iron,barbeque
modelworkbench.com,1,14,model,workbench
retrocentro.com,1,11,retro,centro
idr360.com,1,6,idr,360
hastiesa.com,1,8,has,ties,a
85838i.com,1,6,85838,i
dogsupplyplus.com,1,13,dog,supply,plus
katchang.com,1,8,kat,chang
hexellence.com,1,10,hex,ellen,ce
autobacker.com,1,10,auto,backer
rengemusic.com,1,10,ren,ge,music
buyestle.com,1,8,buy,est,le
luxurypublishingsummit.com,1,22,luxury,publishing,summit
catchstyles.com,1,11,catch,styles
scottjespersen.com,1,14,scott,jesper,sen
jrdisposal.com,1,10,jr,disposal
05dog.com,1,5,05,dog
globalcampers.com,1,13,global,campers
getday1.com,1,7,get,day,1
missionarythemovie.com,1,18,missionary,the,movie
freemtworkshop.com,1,14,free,mt,workshop
quickbarcodes.com,1,13,quick,barcodes
chinneryspirits.com,1,15,chin,nery,spirits
stephenscountygenealogy.com,1,23,stephens,county,genealogy
midwestclippedcoupons.com,1,21,midwest,clipped,coupons
cwdradio.com,1,8,cw,d,radio
pinkdinner.com,1,10,pink,dinner
tgcomex.com,1,7,tg,come,x
thokadi.com,1,7,th,ok,adi
kitkiwi.com,1,7,kit,kiwi
concretedrillingservices.com,1,24,concrete,drilling,services
packageflow.com,1,11,package,flow
orrjohn.com,1,7,orr,john
queenofbean.com,1,11,queen,of,bean
softservedistribution.com,1,21,soft,serve,distribution
108booking.com,1,10,108,booking
steamybooksblogspot.com,1,19,steamy,books,blogspot
lubbockappraisaldistrict.com,1,24,lubbock,appraisal,district
twofreeguys.com,1,11,two,free,guys
sagelegacy.com,1,10,sage,legacy
lean-quick-fit.com,1,14,lean,quick,fit
cfp999hd.com,1,8,cfp,999,hd
tuily.com,1,5,tui,ly
topsandwings.com,1,12,tops,and,wings
onanymovie.com,1,10,on,any,movie
vaguys111.com,1,9,va,guys,111
mamasantas.com,1,10,mama,santa,s
mystic-made.com,1,11,mystic,made
rrhcomic.com,1,8,r,rh,comic
hartehealth.com,1,11,harte,health
elevatedsmiles.com,1,14,elevated,smiles
sevenhealthcare.com,1,15,seven,healthcare
cocogroups.com,1,10,coco,groups
laggiebhai.com,1,10,lag,gie,bhai
damroka.com,1,7,dam,rok,a
illustratedfood.com,1,15,illustrated,food
atkotech.com,1,8,at,ko,tech
comcast-universal-career.com,1,24,comcast,universal,career
noxage.com,1,6,nox,age
rdfitnesstampa.com,1,14,rd,fitness,tampa
wwwbts968.com,1,9,www,bts,968
kingscrownglass.com,1,15,kings,crown,glass
fudgedelight.com,1,12,fudge,delight
luciacubel.com,1,10,lucia,cube,l
jacobhighschool.com,1,15,jacob,highschool
favouritecamera.com,1,15,favourite,camera
agri-bay.com,1,8,agri,bay
2bet005.com,1,7,2,bet,005
constructionsolutionsmt.com,1,23,construction,solutions,mt
sossies.com,1,7,s,ossie,s
mayogarden.com,1,10,mayo,garden
muclip.com,1,6,mu,clip
diabetessecretsonline.com,1,21,diabetes,secrets,online
artificiallyintelligentpodcast.com,1,30,artificially,intelligent,podcast
mybabecave.com,1,10,my,babe,cave
nathan-der-wise.com,1,15,nathan,der,wise
unitasdevelopment.com,1,17,unitas,development
yangtongli.com,1,10,yang,tong,li
simpsondc.com,1,9,simpson,dc
julioaparisi.com,1,12,julio,a,parisi
oco365.com,1,6,o,co,365
howmanycars.com,1,11,how,many,cars
miseko.com,1,6,mi,seko
esicoon.com,1,7,e,sico,on
betaksystems.com,1,12,be,tak,systems
localsepticpumping.com,1,18,local,septic,pumping
spoilallymadison.com,1,16,spoil,ally,madison
keepclass.com,1,9,keep,class
vgcp55.com,1,6,vg,cp,55
tothelite.com,1,9,to,the,lite
5-minuteskills.com,1,14,5,minutes,kills
theorganicblondie.com,1,17,the,organic,blondie
globalnep.com,1,9,global,ne,p
52in.com,1,4,52,in
shedsforrent.com,1,12,sheds,for,rent
group64.com,1,7,group,64
radiomarcabilbao.com,1,16,radio,marca,bilbao
sandiego65.com,1,10,san,diego,65
fastpromotions.com,1,14,fast,promotions
thechemicalbarbers.com,1,18,the,chemical,barbers
eyelash-lounge.com,1,14,eyelash,lounge
littlepeoplepix.com,1,15,little,people,pix
usplusmore.com,1,10,us,plus,more
newordsnow.com,1,10,ne,words,now
bettergraniteplace.com,1,18,better,granite,place
dinewithblum.com,1,12,dine,with,blum
mapcarrier.com,1,10,map,carrier
boda798.com,1,7,bod,a,798
steknol.com,1,7,ste,knol
scanfunds.com,1,9,s,can,funds
simplytastyvegan.com,1,16,simply,tasty,vegan
wegobaby.com,1,8,we,go,baby
contadoresdva.com,1,13,contador,es,dva
internationalsexreporter.com,1,24,international,sex,reporter
get-my-app.com,1,10,get,my,app
rostock-baurecht.com,1,16,rostock,baur,echt
staffordsheldon.com,1,15,stafford,sheldon
andongz.com,1,7,and,on,gz
kimballtimberframes.com,1,19,kimball,timber,frames
suedubd.com,1,7,sue,dub,d
pristinsellier.com,1,14,pris,tinsel,lier
medivhauto.com,1,10,medi,vh,auto
znglobe.com,1,7,zn,globe
mother-wife-me.com,1,14,mother,wife,me
beautybykei.com,1,11,beauty,by,kei
taizhoubank.com,1,11,tai,zhou,bank
audioworkshop.com,1,13,audio,workshop
misscarnivale.com,1,13,miss,carnival,e
eyelovenet.com,1,10,eye,love,net
911140.com,1,6,911140
shanklinsonline.com,1,15,shanklin,s,online
mifubo.com,1,6,mi,fub,o
luiveronese.com,1,11,lui,veronese
cheerylux.com,1,9,cheery,lux
herballovelife.com,1,14,herbal,love,life
cafe-cosy.com,1,9,cafe,cosy
haircutsatwork.com,1,14,haircuts,at,work
chinayuanmai.com,1,12,china,yuan,mai
twiceandtwine.com,1,13,twice,and,twine
stuckongo.com,1,9,stuck,on,go
basrco.com,1,6,bas,rco
teotorres.com,1,9,teo,torres
meandthc.com,1,8,me,and,thc
daigaku-picks.com,1,13,dai,gaku,picks
sarwangyog.com,1,10,sar,wang,yog
studdbunnies.com,1,12,studd,bunnies
xcellcomposites.com,1,15,x,cell,composites
larrypomfret.com,1,12,larry,pom,fret
doctordeuce.com,1,11,doctor,deuce
musicbyjacob.com,1,12,music,by,jacob
jaywallace.com,1,10,jay,wallace
rhsphilippines.com,1,14,rh,s,philippines
asian-pioneer.com,1,13,asian,pioneer
uckap.com,1,5,uck,ap
any-linking.com,1,11,any,linking
larkrun.com,1,7,lark,run
iortbreast.com,1,10,i,ort,breast
shr0310.com,1,7,s,hr,0310
letterbonline.com,1,13,letter,b,online
btcpearl.com,1,8,btc,pearl
ijsrst.com,1,6,i,js,rst
sybarrel.com,1,8,sy,barrel
cannabisorganicessentials.com,1,25,cannabis,organic,essentials
bordeauxpe.com,1,10,bordeaux,pe
coldchella.com,1,10,cold,chell,a
518cp45.com,1,7,518,cp,45
z451.com,1,4,z,451
nbsunburg.com,1,9,nb,sun,burg
drift-trike.com,1,11,drift,trike
teaminquiry.com,1,11,team,inquiry
chicogrief.com,1,10,chico,grief
moleshots.com,1,9,mole,shots
hayconnect.com,1,10,hay,connect
haogaoli.com,1,8,hao,gaol,i
wikixm.com,1,6,wiki,xm
climbingrepublic.com,1,16,climbing,republic
mctaonline.com,1,10,m,cta,online
browsingstar.com,1,12,browsing,star
iyogichat.com,1,9,i,yogi,chat
pittmanoil.com,1,10,pitt,man,oil
downpaymentspokane.com,1,18,down,payment,spokane
speedywindshields.com,1,17,speedy,windshields
urbanfintech.com,1,12,urban,fin,tech
u-500.com,1,5,u,500
mtaphotos.com,1,9,mta,photos
neceramics.com,1,10,ne,ceramics
668bg.com,1,5,668,bg
senn-world.com,1,10,sen,n,world
northmeadowstorage.com,1,18,north,meadow,storage
brookekaleystudio.com,1,17,brooke,kaley,studio
churchofxxx.com,1,11,church,of,xxx
electroacoustica.com,1,16,electro,acoustic,a
extrememetalfab.com,1,15,extreme,metal,fab
kingdomofillusion.com,1,17,kingdom,of,illusion
consciouscream.com,1,14,conscious,cream
davidbeckerimages.com,1,17,david,becker,images
231aa.com,1,5,231,a,a
iaaronmichael.com,1,13,i,aaron,michael
imupoipu.com,1,8,imu,poi,pu
npisgravity.com,1,11,np,is,gravity
smallhillstudio.com,1,15,small,hill,studio
pennybeat.com,1,9,penny,beat
relishedrelics.com,1,14,relished,relics
icdramas.com,1,8,ic,dramas
purposebuilttraining.com,1,20,purpose,built,training
nepoo.com,1,5,ne,poo
kingscareerinstitute.com,1,20,kings,career,institute
allsneakeruk.com,1,12,all,sneaker,uk
mother-sex-tube.com,1,15,mother,sex,tube
bmwsocialclub.com,1,13,bmw,social,club
fightingkc.com,1,10,fighting,kc
chipacha.com,1,8,chip,acha
tengbo85.com,1,8,teng,bo,85
bookmycouch.com,1,11,book,my,couch
underdating.com,1,11,under,dating
longhorncoupons.com,1,15,longhorn,coupons
wwwph138.com,1,8,www,ph,138
logisticarivers.com,1,15,logistic,a,rivers
sexycompilation.com,1,15,sexy,compilation
paulgarethsands.com,1,15,paul,gareth,sands
aperotherapy.com,1,12,a,pero,therapy
ecologysolutions.com,1,16,ecology,solutions
christianquality.com,1,16,christian,quality
kingladder.com,1,10,king,ladder
nogavice.com,1,8,no,ga,vice
bluelinknyc.com,1,11,blue,link,nyc
homesandprojects.com,1,16,homes,and,projects
wardboy.com,1,7,ward,boy
discoverydayprogram.com,1,19,discovery,day,program
bell2018.com,1,8,bell,2018
ppeurope.com,1,8,pp,europe
jckstudio.com,1,9,j,ck,studio
g-tiara-o.com,1,9,g,tiara,o
elsieann.com,1,8,elsie,ann
paintrockfarm.com,1,13,paint,rock,farm
16cai77.com,1,7,16,cai,77
gorillahotel.com,1,12,gorilla,hotel
combinationfitness.com,1,18,combination,fitness
keskinrental.com,1,12,ke,skin,rental
innetworklab.com,1,12,in,network,lab
carvercollege.com,1,13,carver,college
kronostn.com,1,8,kronos,tn
kmdrill.com,1,7,km,drill
cp05688.com,1,7,cp,05688
jonkohan.com,1,8,jon,koh,an
artisticsavant.com,1,14,artistic,savant
rangchitra.com,1,10,rang,chitra
cerebrosoftware.com,1,15,cerebro,software
itsabummer.com,1,10,its,a,bummer
beautiful-brideboutique.com,1,23,beautiful,bride,boutique
redcuparmy.com,1,10,red,cup,army
equitybusinessservices.com,1,22,equity,business,services
mm77ff.com,1,6,mm,77,ff
radhaisrani.com,1,11,radha,is,rani
perfectplates.com,1,13,perfect,plates
new-berlin-city.com,1,15,new,berlin,city
bestfixes.com,1,9,best,fixes
melville-supermart.com,1,18,melville,super,mart
sircrugby.com,1,9,s,irc,rugby
fthenews.com,1,8,f,the,news
azaramusic.com,1,10,a,zara,music
paupt.com,1,5,pau,pt
shoneyinn.com,1,9,s,honey,inn
misguidedgoodgirls.com,1,18,misguided,good,girls
itsryan.com,1,7,its,ryan
ltfconsulting.com,1,13,lt,f,consulting
ak-shots.com,1,8,ak,shots
thecodesloth.com,1,12,the,code,sloth
dancemusicdownload.com,1,18,dance,music,download
marketonlineprofits.com,1,19,market,online,profits
extraordinaryparty.com,1,18,extraordinary,party
electriciancollegestation.com,1,25,electrician,college,station
spiritualcontinuum.com,1,18,spiritual,continuum
stilluce-store.com,1,14,stil,luce,store
babaqgrill.com,1,10,baba,q,grill
airtightinflatables.com,1,19,airtight,inflatables
hometaxguide.com,1,12,home,tax,guide
pmguidelines.com,1,12,pm,guidelines
cloudsolarpower.com,1,15,cloud,solar,power
168rachanot.com,1,11,168,racha,not
baimusen.com,1,8,bai,muse,n
freewaytrans.com,1,12,freeway,trans
best360gear.com,1,11,best,360,gear
luxurytresshair.com,1,15,luxury,tress,hair
protectmylist.com,1,13,protect,my,list
heathshotjam.com,1,12,heath,shot,jam
timberloop.com,1,10,timber,loop
englishsikhe.com,1,12,english,sik,he
looking4language.com,1,16,looking,4,language
800yahoo.com,1,8,800,yahoo
eboxcash.com,1,8,ebox,cash
nuderaw.com,1,7,nude,raw
worldcup-spain.com,1,14,worldcup,spain
edgarelderson.com,1,13,edgar,elders,on
moonfamilynews.com,1,14,moon,family,news
essentiallifedirection.com,1,22,essential,life,direction
stefanogrande.com,1,13,stefano,grande
greatrivercharters.com,1,18,great,river,charters
nightmechanic.com,1,13,night,mechanic
london-se.com,1,9,london,se
hzwscro.com,1,7,hz,ws,cro
sexyretard.com,1,10,sexy,retard
miamidesignshow.com,1,15,miami,design,show
ansporn.com,1,7,an,s,porn
cal-diamond.com,1,11,cal,diamond
printedglasstable.com,1,17,printed,glass,table
themodernmanuscript.com,1,19,the,modern,manuscript
glbtcoins.com,1,9,glbt,coins
bostonksk.com,1,9,boston,k,sk
lustereventservices.com,1,19,luster,event,services
crmmba.com,-1,6,cr,m,mba
shoptipiko.com,-1,10,shop,tipi,ko
hjpropach.com,-1,9,hj,prop,ach
breedthathole.com,-1,13,breed,that,hole
hastyangler.com,-1,11,hasty,angler
coinbhakt.com,-1,9,coin,bha,kt
gmailnetwork.com,-1,12,gmail,network
lngraphx.com,-1,8,ln,graph,x
benaturalhealing.com,-1,16,be,natural,healing
sonomavisitorscenter.com,-1,20,sonoma,visitors,center
kaisermc.com,-1,8,kaiser,mc
pictures-curacao.com,-1,16,pictures,cura,cao
certorize.com,-1,9,cer,to,rize
maketheloop.com,-1,11,make,the,loop
southernillinoisrealty.com,-1,22,southern,illinois,realty
gdpcomcorp.com,-1,10,gdp,corp
christinabassani.com,-1,16,christina,bass,ani
winecountryhaven.com,-1,16,wine,country,haven
cliftonstrengthscoach.com,-1,21,clifton,strengths,coach
ly9283.com,-1,6,ly,9283
ratethisboat.com,-1,12,rate,this,boat
bestamericanweed.com,-1,16,best,american,weed
magicmendil.com,-1,11,magic,men,dil
wfmakeup.com,-1,8,w,f,makeup
piperlakes.com,-1,10,piper,lakes
ebllcpro.com,-1,8,eb,llc,pro
shgia.com,-1,5,sh,gia
pamela-mcintyre.com,-1,15,pamela,mcintyre
ccdora.com,-1,6,ccd,or,a
brattitudekids.com,-1,14,br,attitude,kids
eventspacecolumbus.com,-1,18,event,space,columbus
coachfoley.com,-1,10,coach,foley
huayi-law.com,-1,9,hua,yi,law
andrescoll.com,-1,10,andres,coll
thoughtfulgroup.com,-1,15,thoughtful,group
sebastianpeterson.com,-1,17,sebastian,peterson
ibargainhunters.com,-1,15,i,bargain,hunters
ks-soundworks.com,-1,13,ks,sound,works
jobwonder.com,-1,9,job,wonder
fast2exit.com,-1,9,fast,2,exit
independentinspirations.com,-1,23,independent,inspirations
sueanything.com,-1,11,sue,anything
adventure-hikes.com,-1,15,adventure,hikes
sociallymagazine.com,-1,16,socially,magazine
couplesway.com,-1,10,couples,way
covertkids.com,-1,10,covert,kids
select-door.com,-1,11,select,door
futureforwardcoaches.com,-1,20,future,forward,coaches
blacktopgreenbay.com,-1,16,blacktop,green,bay
erikahaveman.com,-1,12,erika,have,man
healthcarenps.com,-1,13,healthcare,nps
croatiahalalfriendly.com,-1,20,croatia,halal,friendly
textideum.com,-1,9,text,i,deum
whatafeed.com,-1,9,what,a,feed
evilanlar.com,-1,9,evil,an,lar
sophiewix.com,-1,9,sophie,wi,x
agridatacenter.com,-1,14,agri,datacenter
ellawrap.com,-1,8,ella,wrap
annevrbo.com,-1,8,anne,vr,bo
nanisnice.com,-1,9,nan,is,nice
leadzie.com,-1,7,lead,zi,e
universityboundconsulting.com,-1,25,university,bound,consulting
activeros.com,-1,9,active,ros
lvescortads.com,-1,11,lv,escort,ads
ebike-sales.com,-1,11,e,bike,sales
kristenkuester.com,-1,14,kristen,ku,ester
saratogapetcompany.com,-1,18,saratoga,pet,company
netfindersearch.com,-1,15,net,finder,search
viajar-mexico.com,-1,13,via,jar,mexico
nutrajungle.com,-1,11,nut,ra,jungle
utahwithkids.com,-1,12,utah,with,kids
zhongshanlong.com,-1,13,zhong,shan,long
myhb6768.com,-1,8,my,hb,6768
iqbspace.com,-1,8,i,qb,space
shellywindover.com,-1,14,shelly,wind,over
group-vd.com,-1,8,group,vd
allo-pic.com,-1,8,all,o,pic
parisfootwear.com,-1,13,paris,footwear
tuturibbon.com,-1,10,tutu,ribbon
obisposol.com,-1,9,obispo,sol
southfloridaforum.com,-1,17,south,florida,forum
percowear.com,-1,9,per,co,wear
mg1987.com,-1,6,mg,1987
ailfn.com,-1,5,ail,fn
brandywilliamsphoto.com,-1,19,brandy,williams,photo
delraybeachpages.com,-1,16,delray,beach,pages
challenger-wheels.com,-1,17,challenger,wheels
ultimateleadform.com,-1,16,ultimate,lead,form
homesbyventura.com,-1,14,homes,by,ventura
3zkt.com,-1,4,3,z,kt
icarestructure.com,-1,14,i,care,structure
ilalley.com,-1,7,il,alley
empireacres.com,-1,11,empire,acres
artalexandros.com,-1,13,art,alexandros
folicacid-drinks.com,-1,16,folic,acid,drinks
ga-ys.com,-1,5,ga,ys
lbonphotographer.com,-1,16,lb,on,photographer
magnificento.com,-1,12,magnificent,o
loudcryrecords.com,-1,14,loud,cry,records
hagerstowndaynursery.com,-1,20,hagerstown,day,nursery
933mnl.com,-1,6,933,m,nl
homemarketasia.com,-1,14,home,market,asia
latebloomersociety.com,-1,18,late,bloomer,society
thebitpub.com,-1,9,the,bit,pub
nordstay.com,-1,8,nord,stay
originofpie.com,-1,11,origin,of,pie
fox1investments.com,-1,15,fox,1,investments
viceroydubaitowers.com,-1,18,viceroy,dubai,towers
utsuwamochi.com,-1,11,ut,suwa,mochi
justwomensfitness.com,-1,17,just,womens,fitness
bitcoinplusbank.com,-1,15,bitcoin,plus,bank
wanderfulnomad.com,-1,14,wander,ful,nomad
bmw-me2017.com,-1,10,bmw,me,2017
choco-denpo.com,-1,11,choco,den,po
hotspottvnetwork.com,-1,16,hotspot,tv,network
thaiukulele.com,-1,11,thai,ukulele
handcraftedaromas.com,-1,17,handcrafted,aromas
projectpetwork.com,-1,14,project,pet,work
fanya50.com,-1,7,fany,a,50
reportnoise.com,-1,11,report,noise
kisole.com,-1,6,ki,sole
bz1717.com,-1,6,bz,1717
emtsol.com,-1,6,emt,sol
bellavita-food.com,-1,14,bella,vita,food
inikedisney.com,-1,11,in,ike,disney
colomboxnews.com,-1,12,colombo,x,news
workwithjim.com,-1,11,work,with,jim
amreeweaver.com,-1,11,am,ree,weaver
porchtown.com,-1,9,porch,town
0592guolv.com,-1,9,0592,guo,lv
zipspokanevalley.com,-1,16,zip,spokane,valley
lovinmindfulness.com,-1,16,lovin,mindfulness
ued455.com,-1,6,u,ed,455
myhealthycompass.com,-1,16,my,healthy,compass
emoryrugbyfc.com,-1,12,emory,rugby,fc
ultimatepills2.com,-1,14,ultimate,pills,2
retailpayday.com,-1,12,retail,payday
gothrugary.com,-1,10,go,thru,gary
stickyriceco.com,-1,12,sticky,rice,co
whattopos.com,-1,9,what,to,pos
experiencetruelife.com,-1,18,experience,true,life
yrxhealth.com,-1,9,yr,x,health
giantinflatablesaustralia.com,-1,25,giant,inflatables,australia
tellustokyo.com,-1,11,tellus,tokyo
beltroader.com,-1,10,belt,road,er
foxyreaders.com,-1,11,foxy,readers
experimentalrobots.com,-1,18,experimental,robots
sheliuxiang.com,-1,11,she,liu,xiang
phlipview.com,-1,9,ph,lip,view
rxpatterns.com,-1,10,r,x,patterns
mslawbr.com,-1,7,ms,law,br
yourtrustedconsultant.com,-1,21,your,trusted,consultant
energydefend.com,-1,12,energy,defend
theoldbuyer.com,-1,11,the,old,buyer
taleton.com,-1,7,tale,ton
2talltavern.com,-1,11,2,tall,tavern
impactresearchllc.com,-1,17,impact,research,llc
petersenherniaclinic.com,-1,20,petersen,hernia,clinic
reusablearts.com,-1,12,reusable,arts
olsondeck.com,-1,9,olson,deck
lasertagriverside.com,-1,17,laser,tag,riverside
thesnughotel.com,-1,12,the,snug,hotel
sxhaj.com,-1,5,sx,haj
crookedcirclefarm.com,-1,17,crooked,circle,farm
anaheimreia.com,-1,11,anaheim,rei,a
mypillowprincess.com,-1,16,my,pillow,princess
suavetube.com,-1,9,suave,tube
mo-rehouse.com,-1,10,mo,re,house
shyanime.com,-1,8,shy,anime
digamania.com,-1,9,dig,a,mania
upyardmasters.com,-1,13,up,yard,masters
realsine.com,-1,8,real,sine
sewsmartstudios.com,-1,15,sew,smart,studios
fishashish.com,-1,10,f,is,hashish
aimcapecod.com,-1,10,aim,cape,cod
a16918.com,-1,6,a,16918
gasa01.com,-1,6,gas,a,01
northernnvevents.com,-1,16,northern,nv,events
yx1408.com,-1,6,y,x,1408
madeformarines.com,-1,14,made,for,marines
thestylistmama.com,-1,14,the,stylist,mama
sznmusic.com,-1,8,s,zn,music
168emall.com,-1,8,168,em,all
